{
    "t0": [0.979094,-0.126281,1.42136,1.07773],
    "t1": [-1.95098,-3.88311,-1.74857,... (165 total)],
    "t2": [0.168478,-0.0621628,-1.2399,... (165 total)],
    "t3": [0,1,0,0],
    "t4": [0,0,0,... (165 total)],
    "t5": [0.00606061,0.00606061,... (165 total)],
    "t6": [0,1,0,0],
    "t7": [0,0,0,... (165 total)],
    "t8": [0,0,0,... (165 total)],
    "t9": [1],
    "t10": [51],
    "t11": [0],
    "t12": [758],
    "t13": [1],
    "t14": [0],
}
